TimeStamp(ms),Temperature(*C),Pressure(Pa),AccelX(m/s^2),AccelY(m/s^2),AccelZ(m/s^2),MagX(uT),MagY(uT),MagZ(uT),GyroX(rad/s),GyroY(rad/s),GyroZ(rad/s),OriPitch,OriRoll,OriHeading
163.00,23.54,100626.98,-0.71,-0.24,10.40,-15.00,20.00,46.63,0.10,0.14,0.00,-1.30,3.88,-119.35,
288.00,23.65,100630.34,-0.78,-0.24,10.36,-14.82,20.55,46.12,0.10,0.14,0.01,-1.30,4.33,-117.69,
410.00,23.74,100633.10,-0.75,-0.27,10.43,-14.91,20.27,46.43,0.11,0.15,0.00,-1.51,4.08,-118.37,
532.00,23.77,100629.28,-0.67,-0.20,10.47,-15.00,20.18,46.12,0.10,0.14,0.01,-1.07,3.64,-119.83,
657.00,23.81,100635.27,-0.67,-0.24,10.43,-14.82,20.64,46.73,0.10,0.14,0.01,-1.29,3.66,-118.63,
779.00,23.82,100632.48,-0.67,-0.24,10.47,-14.64,20.18,46.12,0.10,0.14,0.00,-1.29,3.64,-118.89,
901.00,23.85,100632.97,-0.75,-0.20,10.47,-14.73,20.64,46.63,0.10,0.14,0.00,-1.07,4.07,-117.95,
1023.00,23.86,100636.30,-0.71,-0.31,10.40,-14.82,20.18,46.12,0.10,0.14,0.00,-1.73,3.88,-118.49,
1145.00,23.86,100635.31,-0.75,-0.27,10.40,-14.73,20.82,46.63,0.10,0.14,0.00,-1.51,4.10,-117.34,
1270.00,23.88,100635.44,-0.78,-0.16,10.47,-14.82,20.36,46.22,0.10,0.14,0.00,-0.86,4.28,-118.32,
1392.00,23.86,100633.87,-0.75,-0.20,10.40,-14.73,20.73,46.73,0.10,0.14,0.00,-1.08,4.10,-117.77,
1514.00,23.88,100633.78,-0.71,-0.24,10.36,-14.55,20.45,46.33,0.10,0.14,0.00,-1.30,3.90,-117.92,
1636.00,23.89,100635.98,-0.67,-0.20,10.43,-14.73,20.36,46.43,0.10,0.14,0.00,-1.08,3.66,-118.98,
1758.00,23.89,100635.13,-0.75,-0.24,10.47,-14.45,21.18,46.73,0.10,0.14,0.00,-1.29,4.07,-116.61,
1880.00,23.89,100634.16,-0.67,-0.24,10.51,-15.00,19.91,46.02,0.10,0.14,0.01,-1.28,3.63,-120.00,
2012.00,23.89,100633.00,-0.75,-0.27,10.40,-14.64,21.18,47.04,0.10,0.14,0.00,-1.51,4.10,-116.71,
2134.00,23.89,100633.66,-0.67,-0.24,10.51,-14.91,19.91,46.02,0.10,0.14,0.00,-1.28,3.63,-119.81,
2256.00,23.90,100634.04,-0.67,-0.16,10.40,-14.55,20.91,46.73,0.09,0.13,0.00,-0.86,3.67,-118.11,
2378.00,23.89,100633.66,-0.75,-0.20,10.47,-14.82,19.36,46.22,0.10,0.14,0.00,-1.07,4.07,-119.68,
2500.00,23.91,100636.22,-0.75,-0.24,10.36,-14.55,21.00,46.73,0.10,0.14,0.00,-1.30,4.12,-116.90,
2625.00,23.92,100638.60,-0.75,-0.20,10.51,-15.00,19.64,46.43,0.10,0.14,0.00,-1.07,4.05,-119.73,
2747.00,23.91,100634.89,-0.63,-0.20,10.43,-14.64,21.27,46.73,0.10,0.14,0.00,-1.08,3.44,-118.11,
2869.00,23.91,100634.06,-0.71,-0.24,10.36,-14.45,20.45,46.63,0.10,0.13,0.00,-1.30,3.90,-117.68,
2991.00,23.91,100635.91,-0.71,-0.24,10.47,-14.82,20.27,46.43,0.10,0.13,0.01,-1.29,3.86,-118.76,
3113.00,23.91,100635.91,-0.75,-0.20,10.43,-14.82,20.73,46.84,0.10,0.14,0.00,-1.08,4.08,-117.97,
3238.00,23.92,100638.77,-0.67,-0.31,10.47,-15.00,20.00,46.53,0.10,0.14,0.01,-1.72,3.64,-119.41,
3360.00,23.92,100634.46,-0.71,-0.24,10.36,-14.73,20.82,46.94,0.10,0.14,0.00,-1.30,3.90,-117.80,
3482.00,23.91,100632.26,-0.71,-0.16,10.47,-15.00,20.00,46.33,0.10,0.14,0.00,-0.86,3.86,-119.84,
3604.00,23.92,100635.29,-0.71,-0.24,10.40,-14.55,21.00,46.53,0.10,0.14,0.01,-1.30,3.88,-117.33,
3726.00,23.92,100631.65,-0.71,-0.20,10.40,-14.82,19.91,46.43,0.10,0.15,0.01,-1.08,3.89,-119.30,
3851.00,23.92,100636.95,-0.67,-0.24,10.40,-14.73,20.91,46.73,0.10,0.14,0.00,-1.30,3.67,-118.12,
3973.00,23.92,100635.45,-0.75,-0.20,10.36,-14.91,20.18,46.43,0.10,0.14,0.01,-1.09,4.12,-118.78,
4095.00,23.93,100639.46,-0.75,-0.24,10.40,-14.73,20.55,46.22,0.10,0.14,0.01,-1.30,4.10,-117.88,
4217.00,23.93,100636.81,-0.75,-0.16,10.40,-14.82,19.91,46.53,0.10,0.14,0.00,-0.86,4.10,-119.11,
4339.00,23.92,100635.80,-0.71,-0.27,10.47,-14.73,20.73,46.12,0.10,0.14,0.00,-1.50,3.86,-117.94,
4461.00,23.93,100638.13,-0.75,-0.20,10.43,-15.00,20.18,46.84,0.10,0.13,0.00,-1.08,4.08,-118.96,
4586.00,23.92,100634.97,-0.71,-0.24,10.36,-14.55,20.73,45.92,0.10,0.14,0.00,-1.30,3.90,-117.69,
4708.00,23.92,100631.66,-0.71,-0.24,10.43,-15.00,20.18,46.73,0.10,0.14,0.01,-1.29,3.87,-119.15,
4830.00,23.92,100633.81,-0.75,-0.16,10.43,-15.00,20.36,45.82,0.10,0.14,0.01,-0.86,4.09,-119.11,
4952.00,23.92,100633.50,-0.71,-0.24,10.43,-14.91,20.73,46.22,0.10,0.14,0.01,-1.29,3.87,-118.44,
5074.00,23.92,100630.32,-0.71,-0.20,10.47,-14.91,20.18,46.63,0.10,0.14,0.01,-1.07,3.86,-119.20,
5199.00,23.93,100633.83,-0.67,-0.27,10.40,-14.45,20.64,46.33,0.10,0.14,0.01,-1.51,3.67,-117.75,
5321.00,23.93,100635.05,-0.75,-0.24,10.47,-14.91,20.18,46.53,0.09,0.14,0.00,-1.29,4.07,-118.67,
5443.00,23.93,100636.52,-0.67,-0.24,10.55,-14.82,20.73,46.33,0.10,0.13,0.00,-1.28,3.62,-118.67,
5565.00,23.93,100634.33,-0.71,-0.27,10.40,-14.73,20.45,46.84,0.09,0.13,0.00,-1.51,3.88,-118.06,
5687.00,23.93,100636.88,-0.71,-0.24,10.40,-14.91,20.27,46.12,0.11,0.15,0.00,-1.30,3.88,-118.94,
5812.00,23.93,100634.98,-0.67,-0.16,10.43,-14.82,20.36,46.63,0.10,0.15,0.01,-0.86,3.66,-119.33,
5934.00,23.93,100634.16,-0.63,-0.24,10.43,-14.82,20.00,46.12,0.10,0.13,0.00,-1.29,3.44,-119.81,
6056.00,23.93,100635.32,-0.78,-0.31,10.32,-14.73,20.45,46.73,0.10,0.14,0.01,-1.74,4.35,-117.10,
6178.00,23.93,100635.71,-0.71,-0.24,10.32,-14.82,20.36,46.33,0.09,0.13,0.00,-1.31,3.91,-118.55,
6300.00,23.93,100634.98,-0.67,-0.20,10.47,-14.45,20.45,46.84,0.10,0.14,0.01,-1.07,3.64,-118.28,
6422.00,23.93,100633.89,-0.71,-0.20,10.40,-14.73,20.45,46.22,0.09,0.13,0.00,-1.08,3.89,-118.52,
6540.00,23.93,100633.66,-0.63,-0.24,10.43,-14.91,20.73,46.63,0.10,0.14,0.01,-1.29,3.44,-119.09,
6662.00,23.93,100633.50,-0.67,-0.27,10.51,-15.00,20.18,46.12,0.10,0.14,0.01,-1.50,3.63,-119.48,
6784.00,23.93,100636.69,-0.78,-0.24,10.36,-14.82,20.64,46.63,0.10,0.14,0.00,-1.30,4.33,-117.50,
6906.00,23.93,100638.20,-0.63,-0.27,10.43,-14.55,20.91,46.63,0.10,0.13,0.00,-1.51,3.44,-117.98,
7028.00,23.93,100633.66,-0.75,-0.24,10.43,-14.91,19.82,46.22,0.10,0.14,0.00,-1.29,4.08,-119.11,
7153.00,23.93,100635.48,-0.67,-0.20,10.43,-14.55,21.18,46.63,0.10,0.14,0.01,-1.08,3.66,-117.68,
7275.00,23.93,100633.00,-0.71,-0.24,10.43,-15.09,19.64,46.12,0.10,0.14,0.00,-1.29,3.87,-120.08,
7397.00,23.94,100634.23,-0.67,-0.24,10.43,-14.73,21.27,46.73,0.10,0.14,0.00,-1.29,3.66,-117.76,
7519.00,23.93,100635.71,-0.75,-0.35,10.40,-15.00,19.82,46.43,0.10,0.14,0.00,-1.95,4.10,-118.67,
7641.00,23.93,100635.38,-0.71,-0.24,10.43,-14.73,21.09,46.43,0.10,0.14,0.00,-1.29,3.87,-117.65,
7766.00,23.94,100634.89,-0.75,-0.31,10.47,-14.82,19.64,46.43,0.10,0.14,0.00,-1.72,4.07,-118.75,
7888.00,23.94,100633.08,-0.75,-0.16,10.40,-14.64,20.82,46.43,0.09,0.14,0.00,-0.86,4.10,-117.71,
8010.00,23.93,100633.06,-0.75,-0.20,10.43,-14.73,20.73,46.53,0.10,0.13,0.00,-1.08,4.08,-117.83,
8132.00,23.93,100634.22,-0.71,-0.24,10.43,-14.82,20.00,46.22,0.10,0.13,0.00,-1.29,3.87,-119.07,
8254.00,23.95,100635.78,-0.78,-0.20,10.47,-14.55,20.82,46.84,0.10,0.14,0.01,-1.07,4.28,-116.97,
8379.00,23.94,100634.91,-0.75,-0.24,10.36,-15.09,19.64,46.43,0.10,0.14,0.00,-1.30,4.12,-119.60,
8501.00,23.94,100634.58,-0.71,-0.24,10.40,-14.36,21.00,46.53,0.10,0.14,0.01,-1.30,3.88,-116.95,
8623.00,23.94,100636.73,-0.75,-0.16,10.43,-15.00,19.82,46.53,0.10,0.14,0.00,-0.86,4.09,-119.63,
8745.00,23.94,100637.23,-0.75,-0.20,10.43,-14.82,21.00,46.43,0.10,0.14,0.01,-1.08,4.08,-117.74,
8867.00,23.94,100635.73,-0.75,-0.24,10.43,-14.91,20.09,46.33,0.10,0.14,0.00,-1.29,4.08,-118.77,
8989.00,23.94,100633.75,-0.71,-0.24,10.43,-14.73,20.64,46.02,0.09,0.13,0.00,-1.29,3.87,-118.20,
9114.00,23.94,100634.25,-0.71,-0.27,10.47,-15.00,20.18,47.04,0.10,0.14,0.01,-1.50,3.86,-118.95,
9252.00,23.94,100633.58,-0.78,-0.20,10.43,-14.64,20.55,46.02,0.10,0.13,0.01,-1.08,4.30,-117.57,
9374.00,23.94,100635.58,-0.75,-0.20,10.40,-14.82,20.36,46.94,0.10,0.14,0.01,-1.08,4.10,-118.33,
9496.00,23.94,100634.58,-0.71,-0.24,10.47,-15.00,20.36,46.02,0.10,0.13,0.00,-1.29,3.86,-119.09,
9618.00,23.94,100633.42,-0.75,-0.20,10.43,-14.82,20.45,46.94,0.10,0.14,0.00,-1.08,4.08,-118.25,
9743.00,23.94,100634.56,-0.75,-0.24,10.32,-14.73,20.09,46.02,0.09,0.13,0.00,-1.31,4.13,-118.36,
9865.00,23.95,100635.63,-0.71,-0.20,10.43,-14.82,20.55,46.94,0.10,0.13,0.00,-1.08,3.87,-118.52,
9987.00,23.94,100635.08,-0.67,-0.27,10.43,-14.91,20.18,46.12,0.10,0.14,0.00,-1.51,3.66,-119.24,
10109.00,23.94,100636.23,-0.71,-0.20,10.24,-14.91,20.82,46.53,0.10,0.14,0.00,-1.10,3.94,-118.33,
10231.00,23.94,100636.41,-0.67,-0.27,10.47,-14.73,21.09,47.14,0.10,0.14,0.01,-1.50,3.64,-117.74,
10356.00,23.94,100634.25,-0.63,-0.20,10.43,-14.91,19.73,46.12,0.09,0.13,0.00,-1.08,3.44,-120.52,
10478.00,23.95,100635.31,-0.71,-0.20,10.47,-14.91,21.09,46.94,0.10,0.14,0.01,-1.07,3.86,-118.13,
10600.00,23.95,100633.80,-0.75,-0.24,10.43,-15.09,19.82,45.92,0.10,0.14,0.00,-1.29,4.08,-119.54,
10722.00,23.94,100631.93,-0.78,-0.24,10.43,-14.82,21.45,46.73,0.10,0.13,0.00,-1.29,4.30,-116.69,
10844.00,23.95,100634.14,-0.75,-0.20,10.43,-14.82,19.64,46.02,0.10,0.14,0.00,-1.08,4.08,-119.36,
10969.00,23.95,100632.66,-0.67,-0.27,10.51,-14.45,20.82,46.84,0.10,0.13,0.00,-1.50,3.63,-117.55,
11091.00,23.94,100632.92,-0.75,-0.24,10.40,-14.91,19.73,46.33,0.10,0.14,0.01,-1.30,4.10,-119.16,
11213.00,23.95,100635.63,-0.78,-0.20,10.43,-14.73,21.27,46.63,0.10,0.13,0.00,-1.08,4.30,-116.87,
11335.00,23.94,100634.91,-0.75,-0.24,10.43,-14.82,20.73,46.63,0.10,0.14,0.00,-1.29,4.08,-117.83,
11457.00,23.94,100636.08,-0.75,-0.24,10.40,-14.82,20.27,46.43,0.10,0.13,0.00,-1.30,4.10,-118.33,
11579.00,23.96,100637.31,-0.75,-0.24,10.43,-14.91,20.73,46.94,0.10,0.14,0.00,-1.29,4.08,-117.96,
11704.00,23.95,100636.80,-0.67,-0.24,10.40,-15.00,19.82,46.63,0.09,0.13,0.00,-1.30,3.67,-119.93,
11826.00,23.95,100634.13,-0.78,-0.24,10.43,-14.91,20.73,46.63,0.09,0.13,0.00,-1.29,4.30,-117.65,
11948.00,23.95,100636.78,-0.75,-0.24,10.43,-14.64,19.73,46.02,0.11,0.15,0.01,-1.29,4.08,-118.67,
12070.00,23.95,100633.30,-0.71,-0.20,10.43,-14.82,20.91,46.73,0.10,0.14,0.01,-1.08,3.87,-118.15,
12192.00,23.95,100634.81,-0.75,-0.24,10.40,-14.91,20.00,46.22,0.10,0.14,0.00,-1.30,4.10,-118.87,
12317.00,23.95,100637.30,-0.71,-0.20,10.40,-14.82,20.91,46.33,0.10,0.13,0.00,-1.08,3.89,-118.19,
12439.00,23.94,100634.91,-0.67,-0.20,10.43,-15.00,20.18,46.73,0.10,0.14,0.01,-1.08,3.66,-119.71,
12561.00,23.95,100633.14,-0.67,-0.24,10.51,-14.64,20.55,46.12,0.09,0.13,0.01,-1.28,3.63,-118.51,
12683.00,23.95,100635.47,-0.71,-0.24,10.40,-14.82,20.27,46.84,0.10,0.14,0.00,-1.30,3.88,-118.63,
12805.00,23.95,100630.16,-0.67,-0.27,10.43,-14.82,20.55,46.12,0.10,0.14,0.00,-1.51,3.66,-118.65,
12930.00,23.94,100633.25,-0.71,-0.16,10.43,-14.73,20.55,46.73,0.09,0.13,0.00,-0.86,3.87,-118.55,
13052.00,23.95,100633.63,-0.75,-0.24,10.43,-14.64,20.18,46.02,0.10,0.15,0.01,-1.29,4.08,-118.16,
13174.00,23.96,100635.81,-0.82,-0.16,10.43,-14.91,20.55,47.04,0.10,0.13,0.00,-0.86,4.51,-117.76,
13296.00,23.95,100635.80,-0.71,-0.20,10.43,-14.64,20.45,46.94,0.10,0.14,0.01,-1.08,3.87,-118.25,
13418.00,23.95,100630.66,-0.71,-0.24,10.40,-14.82,20.45,46.33,0.09,0.13,0.00,-1.30,3.88,-118.51,
13543.00,23.95,100631.17,-0.71,-0.20,10.43,-14.82,20.55,46.84,0.10,0.13,0.00,-1.08,3.87,-118.54,
13665.00,23.96,100634.20,-0.75,-0.20,10.40,-14.73,20.18,46.12,0.10,0.14,0.00,-1.08,4.10,-118.48,
13787.00,23.95,100635.47,-0.71,-0.20,10.40,-14.82,21.00,46.73,0.10,0.13,0.01,-1.08,3.89,-118.03,
13909.00,23.95,100631.31,-0.75,-0.24,10.40,-15.18,20.18,45.92,0.10,0.13,0.00,-1.30,4.10,-119.27,
14031.00,23.95,100635.80,-0.71,-0.24,10.51,-14.82,20.91,46.43,0.10,0.14,0.01,-1.28,3.84,-118.08,
14153.00,23.95,100633.48,-0.67,-0.24,10.43,-15.00,19.91,46.22,0.10,0.14,0.01,-1.29,3.66,-119.91,
14271.00,23.96,100630.35,-0.71,-0.20,10.47,-14.91,20.73,46.84,0.09,0.13,0.00,-1.07,3.86,-118.55,
14393.00,23.96,100633.71,-0.71,-0.24,10.40,-14.73,20.36,46.33,0.10,0.14,0.01,-1.30,3.88,-118.42,
14515.00,23.95,100629.67,-0.67,-0.24,10.47,-15.09,20.36,46.43,0.09,0.13,0.00,-1.29,3.64,-119.57,
14637.00,23.96,100634.33,-0.75,-0.27,10.43,-14.91,20.73,46.53,0.09,0.13,0.00,-1.51,4.08,-117.86,
14759.00,23.95,100633.98,-0.67,-0.27,10.43,-14.82,20.36,46.43,0.10,0.13,0.00,-1.51,3.66,-118.80,
14884.00,23.95,100633.98,-0.75,-0.16,10.40,-14.73,20.64,46.73,0.10,0.14,0.00,-0.86,4.10,-118.05,
15006.00,23.96,100635.81,-0.71,-0.27,10.43,-14.91,20.09,46.12,0.10,0.14,0.01,-1.51,3.87,-118.99,
15128.00,23.96,100634.70,-0.67,-0.24,10.43,-14.82,20.82,46.73,0.10,0.13,0.00,-1.29,3.66,-118.43,
15250.00,23.96,100633.55,-0.75,-0.24,10.40,-15.09,20.18,46.63,0.10,0.13,0.00,-1.30,4.10,-118.96,
15372.00,23.95,100632.48,-0.75,-0.20,10.55,-14.91,20.73,46.33,0.09,0.13,0.00,-1.06,4.04,-118.33,
15497.00,23.96,100633.83,-0.71,-0.24,10.40,-14.91,20.00,46.94,0.10,0.13,0.00,-1.30,3.88,-119.11,
15619.00,23.94,100634.38,-0.75,-0.20,10.55,-14.82,20.45,46.02,0.09,0.13,0.01,-1.06,4.04,-118.50,
15741.00,23.94,100631.27,-0.75,-0.24,10.47,-14.91,20.27,46.84,0.10,0.14,0.00,-1.29,4.07,-118.51,
15863.00,23.95,100630.83,-0.71,-0.24,10.40,-14.73,20.55,45.92,0.10,0.14,0.00,-1.30,3.88,-118.29,
15985.00,23.96,100632.17,-0.71,-0.20,10.40,-14.73,20.64,46.94,0.10,0.14,0.00,-1.08,3.89,-118.20,
16110.00,23.95,100631.83,-0.78,-0.24,10.43,-14.82,20.45,45.92,0.10,0.14,0.01,-1.29,4.30,-117.89,
16232.00,23.96,100636.31,-0.67,-0.27,10.36,-15.00,20.27,46.63,0.09,0.13,0.00,-1.52,3.68,-119.18,
16362.00,23.96,100632.72,-0.75,-0.20,10.40,-14.91,20.27,46.12,0.10,0.14,0.01,-1.08,4.10,-118.76,
16488.00,23.96,100634.70,-0.71,-0.20,10.40,-14.73,20.18,45.92,0.10,0.13,0.01,-1.08,3.89,-118.88,
16610.00,23.96,100635.70,-0.71,-0.24,10.40,-15.00,20.73,47.04,0.10,0.13,0.00,-1.30,3.88,-118.46,
16735.00,23.95,100634.13,-0.75,-0.20,10.40,-15.00,20.18,46.02,0.10,0.14,0.00,-1.08,4.10,-119.07,
16857.00,23.95,100634.48,-0.75,-0.24,10.43,-14.82,21.09,47.04,0.09,0.13,0.00,-1.29,4.08,-117.37,
16979.00,23.96,100633.38,-0.67,-0.24,10.51,-15.09,19.55,46.02,0.10,0.14,0.01,-1.28,3.63,-120.62,
17101.00,23.96,100634.05,-0.75,-0.20,10.47,-14.64,21.27,46.84,0.10,0.13,0.00,-1.07,4.07,-117.04,
17223.00,23.96,100634.05,-0.75,-0.24,10.36,-15.00,19.82,46.22,0.10,0.14,0.01,-1.30,4.12,-119.24,
17345.00,23.96,100635.37,-0.75,-0.24,10.47,-14.73,21.18,46.73,0.10,0.14,0.00,-1.29,4.07,-117.17,
17470.00,23.95,100635.14,-0.67,-0.20,10.40,-14.91,20.00,45.92,0.10,0.13,0.01,-1.08,3.67,-119.83,
17592.00,23.97,100636.38,-0.67,-0.24,10.47,-14.82,19.91,46.22,0.09,0.13,0.00,-1.29,3.64,-119.57,
17714.00,23.96,100635.70,-0.67,-0.20,10.43,-14.91,21.00,46.73,0.10,0.13,0.00,-1.08,3.66,-118.60,
17836.00,23.95,100633.16,-0.63,-0.27,10.40,-15.09,19.73,46.43,0.10,0.14,0.01,-1.51,3.45,-120.42,
17958.00,23.96,100635.70,-0.71,-0.27,10.43,-14.55,21.09,46.43,0.09,0.13,0.01,-1.51,3.87,-117.11,
18083.00,23.96,100635.70,-0.71,-0.20,10.40,-15.09,20.09,46.53,0.09,0.14,0.00,-1.08,3.89,-119.64,
18205.00,23.96,100636.36,-0.67,-0.24,10.36,-14.64,20.73,46.73,0.10,0.13,0.00,-1.30,3.68,-118.11,
18327.00,23.96,100638.02,-0.71,-0.20,10.43,-14.91,20.09,46.43,0.10,0.15,0.01,-1.08,3.87,-119.31,
18449.00,23.96,100635.70,-0.67,-0.16,10.40,-14.64,20.55,46.22,0.09,0.13,0.01,-0.86,3.67,-118.78,
18571.00,23.96,100634.55,-0.75,-0.20,10.40,-14.73,20.36,47.04,0.10,0.13,0.01,-1.08,4.10,-118.12,
18696.00,23.96,100633.22,-0.75,-0.27,10.43,-14.91,20.36,46.02,0.10,0.13,0.00,-1.51,4.08,-118.34,
18818.00,23.97,100637.55,-0.71,-0.24,10.40,-14.82,20.45,46.73,0.09,0.13,0.00,-1.30,3.88,-118.44,
18940.00,23.97,100637.38,-0.71,-0.24,10.40,-14.55,20.27,46.22,0.10,0.14,0.01,-1.30,3.88,-118.17,
19062.00,23.97,100637.53,-0.78,-0.24,10.40,-14.91,20.82,46.84,0.09,0.13,0.00,-1.30,4.31,-117.49,
19184.00,23.96,100635.32,-0.75,-0.24,10.43,-14.91,20.27,45.92,0.10,0.15,0.00,-1.29,4.08,-118.64,
19309.00,23.95,100634.81,-0.67,-0.24,10.36,-14.73,20.73,46.53,0.10,0.14,0.01,-1.30,3.68,-118.32,
19431.00,23.97,100639.20,-0.71,-0.16,10.43,-14.73,20.36,46.63,0.10,0.13,0.00,-0.86,3.87,-118.77,
19553.00,23.97,100640.37,-0.75,-0.27,10.40,-14.91,19.73,46.22,0.10,0.13,0.00,-1.51,4.10,-118.99,
19675.00,23.97,100635.38,-0.67,-0.20,10.43,-14.64,21.18,46.53,0.10,0.13,0.00,-1.08,3.66,-117.88,
19797.00,23.96,100635.70,-0.82,-0.20,10.43,-15.00,19.73,46.43,0.10,0.14,0.01,-1.08,4.51,-118.81,
19919.00,23.96,100636.36,-0.75,-0.20,10.51,-14.91,20.91,46.43,0.10,0.14,0.00,-1.07,4.05,-118.08,
20054.00,23.97,100637.20,-0.67,-0.20,10.51,-14.91,19.91,46.53,0.10,0.14,0.00,-1.07,3.63,-119.93,
20258.00,23.97,100638.38,-0.75,-0.24,10.40,-14.73,20.91,46.43,0.10,0.14,0.01,-1.30,4.10,-117.45,
20461.00,23.97,100637.38,-0.67,-0.27,10.40,-14.73,20.36,46.12,0.09,0.13,0.00,-1.51,3.67,-118.64,
20646.00,23.97,100635.05,-0.78,-0.20,10.43,-15.09,20.27,46.53,0.10,0.14,0.00,-1.08,4.30,-118.73,
20768.00,23.96,100636.20,-0.67,-0.20,10.40,-14.55,20.36,46.22,0.09,0.14,0.00,-1.08,3.67,-118.61,
20893.00,23.98,100636.41,-0.75,-0.24,10.47,-14.73,20.64,46.73,0.10,0.13,0.00,-1.29,4.07,-117.75,
21015.00,23.97,100634.73,-0.71,-0.24,10.47,-14.91,19.73,45.92,0.09,0.13,0.00,-1.29,3.86,-119.66,
21137.00,23.97,100636.05,-0.67,-0.20,10.40,-14.91,21.36,46.94,0.10,0.14,0.00,-1.08,3.67,-118.15,
21259.00,23.97,100635.88,-0.71,-0.12,10.47,-15.00,19.64,46.43,0.10,0.13,0.00,-0.64,3.86,-120.47,
21381.00,23.97,100637.88,-0.75,-0.27,10.51,-14.73,21.00,46.53,0.10,0.14,0.01,-1.50,4.05,-117.26,
21506.00,23.98,100637.73,-0.75,-0.24,10.47,-14.82,20.82,46.73,0.09,0.13,0.00,-1.29,4.07,-117.74,
21628.00,23.97,100637.53,-0.71,-0.20,10.47,-14.91,19.91,46.02,0.10,0.13,0.00,-1.07,3.86,-119.62,
21750.00,23.97,100637.87,-0.75,-0.27,10.36,-14.64,21.18,46.53,0.10,0.14,0.00,-1.52,4.12,-116.76,
21872.00,23.97,100637.53,-0.78,-0.24,10.43,-15.09,19.73,45.92,0.09,0.13,0.00,-1.29,4.30,-119.28,
21994.00,23.97,100635.23,-0.67,-0.24,10.40,-14.73,20.64,46.53,0.10,0.14,0.00,-1.30,3.67,-118.45,
22119.00,23.97,100633.56,-0.67,-0.24,10.51,-14.91,20.18,46.63,0.10,0.14,0.01,-1.28,3.63,-119.40,
22241.00,23.98,100636.73,-0.78,-0.20,10.47,-14.73,20.64,46.53,0.10,0.14,0.01,-1.07,4.28,-117.60,
22363.00,23.97,100633.91,-0.67,-0.27,10.55,-15.00,20.27,46.63,0.10,0.14,0.00,-1.49,3.61,-119.32,
22485.00,23.97,100633.06,-0.75,-0.20,10.43,-14.73,20.09,46.33,0.10,0.14,0.01,-1.08,4.08,-118.58,
22607.00,23.96,100633.66,-0.71,-0.20,10.32,-14.73,20.36,46.73,0.10,0.14,0.00,-1.09,3.91,-118.48,
22732.00,23.97,100637.55,-0.75,-0.27,10.32,-14.73,20.27,46.22,0.09,0.13,0.00,-1.52,4.13,-117.94,
22854.00,23.96,100635.86,-0.75,-0.27,10.43,-14.82,20.45,46.33,0.10,0.14,0.01,-1.51,4.08,-118.00,
22976.00,23.96,100636.20,-0.75,-0.20,10.40,-14.73,20.64,46.63,0.09,0.13,0.00,-1.08,4.10,-117.89,
23098.00,23.97,100637.20,-0.71,-0.16,10.47,-14.91,20.00,46.33,0.10,0.14,0.00,-0.86,3.86,-119.65,
23220.00,23.97,100638.20,-0.78,-0.20,10.40,-14.73,20.82,46.63,0.10,0.14,0.01,-1.08,4.32,-117.32,
23342.00,23.96,100634.88,-0.75,-0.24,10.36,-15.00,20.09,46.33,0.10,0.14,0.01,-1.30,4.12,-118.90,
23467.00,23.96,100634.55,-0.71,-0.27,10.55,-14.73,20.91,46.43,0.10,0.13,0.00,-1.49,3.83,-117.75,
23589.00,23.97,100636.54,-0.75,-0.20,10.47,-14.91,20.36,46.63,0.10,0.13,0.00,-1.07,4.07,-118.63,
23711.00,23.96,100636.20,-0.75,-0.24,10.47,-14.82,20.09,45.82,0.10,0.13,0.00,-1.29,4.07,-118.70,
23846.00,23.97,100638.05,-0.71,-0.24,10.47,-14.73,20.64,47.14,0.10,0.13,0.00,-1.29,3.86,-118.05,
23968.00,23.97,100634.73,-0.71,-0.24,10.55,-14.91,20.45,46.12,0.10,0.14,0.01,-1.28,3.83,-118.84,
24093.00,23.97,100637.22,-0.67,-0.27,10.40,-14.91,20.64,46.63,0.09,0.13,0.01,-1.51,3.67,-118.62,
24215.00,23.97,100635.72,-0.71,-0.24,10.47,-14.91,20.45,46.53,0.10,0.14,0.01,-1.29,3.86,-118.72,
24337.00,23.97,100635.38,-0.75,-0.20,10.51,-14.91,20.27,46.63,0.10,0.13,0.00,-1.07,4.05,-118.76,
24459.00,23.97,100635.39,-0.71,-0.20,10.51,-14.55,20.82,46.73,0.10,0.14,0.01,-1.07,3.84,-117.75,
24581.00,23.97,100633.89,-0.71,-0.27,10.43,-15.09,20.09,46.33,0.10,0.14,0.01,-1.51,3.87,-119.32,
24706.00,23.97,100634.73,-0.67,-0.24,10.43,-14.45,20.82,46.53,0.10,0.13,0.00,-1.29,3.66,-117.72,
24828.00,23.97,100635.89,-0.71,-0.16,10.36,-15.00,20.27,46.73,0.10,0.14,0.01,-0.87,3.90,-119.37,
24950.00,23.97,100633.73,-0.71,-0.27,10.28,-14.82,20.55,46.22,0.10,0.13,0.01,-1.53,3.93,-118.16,
25072.00,23.97,100635.39,-0.75,-0.20,10.43,-14.91,20.64,46.73,0.10,0.14,0.00,-1.08,4.08,-118.27,
25194.00,23.97,100632.91,-0.75,-0.24,10.55,-14.82,20.18,46.12,0.10,0.14,0.01,-1.28,4.04,-118.61,
25319.00,23.98,100634.42,-0.78,-0.24,10.55,-14.82,20.45,46.53,0.10,0.14,0.00,-1.28,4.25,-117.87,
25441.00,23.97,100632.25,-0.75,-0.20,10.43,-14.73,20.18,46.43,0.10,0.13,0.00,-1.08,4.08,-118.46,
25563.00,23.97,100632.58,-0.67,-0.20,10.43,-14.91,20.18,46.12,0.10,0.14,0.01,-1.08,3.66,-119.61,
25685.00,23.96,100632.67,-0.71,-0.20,10.51,-14.82,20.64,46.63,0.10,0.14,0.00,-1.07,3.84,-118.52,
25807.00,23.97,100634.90,-0.71,-0.20,10.36,-14.73,19.73,46.33,0.10,0.13,0.00,-1.09,3.90,-119.32,
25929.00,23.97,100635.39,-0.75,-0.20,10.47,-14.64,20.82,46.43,0.10,0.14,0.00,-1.07,4.07,-117.59,
26054.00,23.97,100635.39,-0.75,-0.24,10.40,-15.09,20.45,46.63,0.10,0.14,0.00,-1.30,4.10,-118.66,
26176.00,23.97,100635.23,-0.67,-0.24,10.47,-14.82,20.36,45.82,0.10,0.13,0.01,-1.29,3.64,-119.11,
26298.00,23.97,100634.57,-0.75,-0.27,10.43,-14.82,20.45,46.94,0.09,0.13,0.01,-1.51,4.08,-117.89,
26420.00,23.97,100633.41,-0.67,-0.20,10.43,-14.91,20.27,46.12,0.10,0.13,0.00,-1.08,3.66,-119.51,
26542.00,23.97,100633.91,-0.67,-0.27,10.43,-14.64,20.64,46.84,0.10,0.14,0.01,-1.51,3.66,-118.07,
26667.00,23.97,100632.08,-0.71,-0.20,10.47,-14.82,20.36,46.33,0.10,0.13,0.01,-1.07,3.86,-118.85,
26789.00,23.97,100634.23,-0.75,-0.16,10.36,-14.91,20.64,46.33,0.10,0.14,0.00,-0.87,4.12,-118.47,
26911.00,23.97,100634.23,-0.71,-0.16,10.55,-14.55,21.18,46.73,0.10,0.13,0.00,-0.85,3.83,-117.56,
27033.00,23.98,100639.05,-0.78,-0.24,10.51,-14.82,19.64,46.53,0.10,0.13,0.01,-1.28,4.27,-118.77,
27155.00,23.98,100636.62,-0.71,-0.24,10.47,-14.82,20.73,46.22,0.10,0.13,0.01,-1.29,3.86,-118.28,
27280.00,23.97,100633.91,-0.71,-0.24,10.40,-14.73,20.09,46.73,0.10,0.14,0.00,-1.30,3.88,-118.66,
27402.00,23.98,100636.57,-0.75,-0.20,10.51,-14.91,20.55,45.92,0.09,0.13,0.01,-1.07,4.05,-118.57,
27524.00,23.98,100634.92,-0.75,-0.16,10.43,-14.82,20.36,46.94,0.10,0.14,0.00,-0.86,4.09,-118.54,
27646.00,23.97,100636.23,-0.63,-0.16,10.63,-14.91,20.18,46.02,0.10,0.14,0.01,-0.85,3.38,-120.30,
27768.00,23.98,100636.90,-0.75,-0.27,10.47,-14.82,20.55,46.63,0.10,0.14,0.01,-1.50,4.07,-117.88,
27893.00,23.97,100634.73,-0.75,-0.24,10.47,-14.64,20.91,46.73,0.10,0.14,0.00,-1.29,4.07,-117.27,
28015.00,23.98,100637.89,-0.75,-0.24,10.36,-15.09,19.82,45.82,0.10,0.13,0.00,-1.30,4.12,-119.50,
28137.00,23.98,100638.44,-0.63,-0.24,10.51,-14.91,21.18,46.84,0.10,0.14,0.00,-1.28,3.42,-118.61,
28259.00,23.97,100637.55,-0.71,-0.20,10.40,-14.82,20.00,46.22,0.10,0.13,0.00,-1.08,3.89,-119.23,
28381.00,23.98,100638.44,-0.78,-0.24,10.40,-14.73,21.00,46.02,0.10,0.13,0.00,-1.30,4.31,-117.07,
28506.00,23.98,100633.26,-0.78,-0.16,10.32,-15.00,20.18,46.63,0.10,0.14,0.01,-0.87,4.35,-118.72,
28628.00,23.97,100633.91,-0.67,-0.24,10.43,-14.82,20.55,46.22,0.10,0.14,0.00,-1.29,3.66,-118.81,
28750.00,23.97,100629.77,-0.67,-0.20,10.43,-14.82,20.45,46.73,0.10,0.14,0.01,-1.08,3.66,-119.02,
28872.00,23.98,100636.62,-0.75,-0.16,10.40,-15.09,20.55,46.43,0.09,0.13,0.00,-0.86,4.10,-118.96,
28994.00,23.97,100631.59,-0.75,-0.16,10.40,-14.91,20.27,46.02,0.10,0.13,0.01,-0.86,4.10,-118.96,
29116.00,23.98,100633.42,-0.71,-0.20,10.36,-14.64,20.73,46.84,0.10,0.13,0.00,-1.09,3.90,-117.90,
29241.00,23.98,100636.08,-0.71,-0.20,10.43,-15.18,19.64,45.92,0.10,0.14,0.01,-1.08,3.87,-120.50,
29363.00,23.97,100634.41,-0.75,-0.20,10.40,-14.36,21.18,46.73,0.09,0.13,0.00,-1.08,4.10,-116.53,
29485.00,23.98,100636.78,-0.71,-0.20,10.43,-14.91,19.73,46.43,0.10,0.14,0.01,-1.08,3.87,-119.74,
29607.00,23.98,100638.44,-0.75,-0.20,10.43,-14.64,21.00,46.22,0.10,0.14,0.01,-1.08,4.08,-117.40,
29729.00,23.96,100633.55,-0.67,-0.24,10.43,-14.91,19.91,46.84,0.10,0.14,0.00,-1.29,3.66,-119.63,
29854.00,23.97,100635.39,-0.67,-0.24,10.28,-14.73,20.45,45.92,0.10,0.14,0.01,-1.31,3.71,-118.67,
29976.00,23.97,100634.07,-0.75,-0.24,10.43,-14.64,20.55,46.22,0.10,0.13,0.00,-1.29,4.08,-117.72,
30098.00,23.98,100636.95,-0.71,-0.20,10.36,-14.91,20.36,46.53,0.10,0.14,0.00,-1.09,3.90,-118.92,
30220.00,23.98,100636.13,-0.71,-0.16,10.40,-14.64,19.91,45.71,0.09,0.13,0.00,-0.86,3.89,-119.23,
30342.00,23.98,100635.91,-0.71,-0.27,10.43,-14.82,20.91,46.94,0.10,0.14,0.00,-1.51,3.87,-117.77,
30467.00,23.97,100633.08,-0.71,-0.20,10.43,-14.82,19.91,45.92,0.10,0.14,0.01,-1.08,3.87,-119.42,
30589.00,23.97,100634.73,-0.75,-0.24,10.43,-14.64,21.27,46.43,0.10,0.14,0.00,-1.29,4.08,-116.91,
30711.00,23.97,100633.41,-0.67,-0.20,10.43,-15.00,19.82,46.33,0.10,0.14,0.01,-1.08,3.66,-120.20,
30833.00,23.98,100632.27,-0.75,-0.20,10.47,-14.91,21.18,46.12,0.10,0.13,0.00,-1.07,4.07,-117.81,
30967.00,23.97,100632.75,-0.75,-0.24,10.47,-14.73,20.09,46.63,0.10,0.14,0.00,-1.29,4.07,-118.37,
31092.00,23.98,100634.25,-0.75,-0.12,10.40,-14.82,20.73,45.82,0.10,0.13,-0.00,-0.65,4.10,-118.47,
31214.00,23.98,100636.08,-0.71,-0.20,10.43,-14.64,20.45,46.33,0.10,0.14,0.01,-1.08,3.87,-118.35,
31336.00,23.97,100632.25,-0.59,-0.24,10.43,-14.55,20.36,46.94,0.10,0.13,0.00,-1.29,3.23,-119.07,
31458.00,23.97,100633.24,-0.67,-0.24,10.47,-15.18,20.09,46.02,0.10,0.13,0.01,-1.29,3.64,-120.13,
31580.00,23.98,100635.46,-0.71,-0.27,10.43,-14.64,21.27,46.84,0.10,0.14,0.01,-1.51,3.87,-117.04,
31702.00,23.98,100636.28,-0.47,-0.20,10.43,-14.91,19.82,46.33,0.11,0.13,0.00,-1.08,2.58,-121.80,
31827.00,23.98,100636.62,-0.71,0.04,10.20,-14.82,21.09,46.63,0.09,0.14,0.01,0.22,3.96,-118.93,
31949.00,23.98,100635.41,-0.51,-0.27,10.43,-14.82,19.91,46.63,0.10,0.14,0.01,-1.51,2.80,-120.71,
32071.00,23.98,100636.41,-0.78,-0.31,10.40,-14.73,20.73,46.12,0.09,0.14,0.00,-1.73,4.31,-117.00,
32193.00,23.98,100633.80,-0.71,-0.27,10.43,-14.55,20.91,46.53,0.09,0.14,0.00,-1.51,3.87,-117.28,
32315.00,23.98,100635.30,-0.75,-0.20,10.51,-15.00,20.55,46.53,0.10,0.13,0.01,-1.07,4.05,-118.66,
32440.00,23.98,100631.66,-0.75,-0.16,10.47,-14.73,20.27,46.12,0.10,0.13,0.00,-0.86,4.07,-118.62,
32562.00,23.97,100630.09,-0.71,-0.20,10.40,-14.73,20.64,46.94,0.10,0.13,0.00,-1.08,3.89,-118.20,
32684.00,23.98,100631.81,-0.71,-0.24,10.40,-15.00,19.91,46.02,0.10,0.14,0.00,-1.30,3.88,-119.56,
32806.00,23.98,100629.61,-0.67,-0.27,10.40,-14.73,21.18,46.73,0.09,0.13,0.00,-1.51,3.67,-117.66,
32928.00,23.97,100633.58,-0.67,-0.24,10.43,-14.82,19.91,46.33,0.10,0.14,0.01,-1.29,3.66,-119.52,
33053.00,23.98,100633.59,-0.67,-0.20,10.40,-14.82,21.18,46.43,0.10,0.14,0.01,-1.08,3.67,-118.23,
33175.00,23.97,100633.91,-0.75,-0.27,10.43,-14.73,20.82,46.53,0.10,0.14,0.01,-1.51,4.08,-117.39,
33297.00,23.98,100631.77,-0.71,-0.20,10.32,-14.91,19.82,46.22,0.10,0.13,0.00,-1.09,3.91,-119.58,
33419.00,23.98,100634.30,-0.67,-0.24,10.55,-14.73,20.82,46.53,0.10,0.14,0.01,-1.28,3.62,-118.36,
33541.00,23.97,100630.27,-0.67,-0.16,10.51,-14.91,20.18,46.53,0.10,0.14,0.01,-0.86,3.63,-119.80,
33666.00,23.98,100632.31,-0.67,-0.24,10.40,-14.82,20.09,46.12,0.10,0.14,0.01,-1.30,3.67,-119.32,
33788.00,23.97,100631.92,-0.75,-0.27,10.36,-14.82,20.73,47.04,0.10,0.14,0.00,-1.52,4.12,-117.52,
33910.00,23.97,100632.08,-0.75,-0.27,10.47,-14.91,19.73,46.12,0.10,0.14,0.01,-1.50,4.07,-119.07,
34032.00,23.98,100635.46,-0.75,-0.24,10.43,-14.64,21.27,46.53,0.10,0.14,0.01,-1.29,4.08,-116.90,
34154.00,23.98,100633.64,-0.78,-0.20,10.47,-14.91,20.73,46.43,0.09,0.13,0.01,-1.07,4.28,-117.89,
34279.00,23.98,100633.75,-0.78,-0.20,10.47,-15.09,20.09,46.53,0.10,0.14,0.00,-1.07,4.28,-118.97,
34401.00,23.98,100632.76,-0.71,-0.27,10.47,-14.55,20.91,46.84,0.09,0.13,0.00,-1.50,3.86,-117.26,
34523.00,23.98,100632.92,-0.67,-0.20,10.43,-14.91,20.09,46.43,0.10,0.14,0.01,-1.08,3.66,-119.67,
34645.00,23.97,100629.10,-0.75,-0.20,10.43,-14.82,20.91,46.12,0.10,0.13,0.01,-1.08,4.08,-117.89,
34767.00,23.98,100630.98,-0.71,-0.20,10.40,-14.82,20.18,46.63,0.09,0.13,0.00,-1.08,3.89,-118.95,
34889.00,23.98,100630.33,-0.67,-0.27,10.51,-14.64,20.18,46.22,0.10,0.15,0.01,-1.50,3.63,-118.72,
35014.00,23.99,100631.83,-0.71,-0.16,10.51,-14.73,21.00,46.63,0.10,0.14,0.01,-0.86,3.84,-118.12,
35136.00,23.97,100628.61,-0.75,-0.27,10.43,-15.00,20.09,46.33,0.10,0.13,0.00,-1.51,4.08,-118.78,
35258.00,23.97,100630.27,-0.67,-0.20,10.43,-14.73,20.45,46.33,0.09,0.13,0.00,-1.08,3.66,-118.90,
35380.00,23.99,100631.99,-0.75,-0.20,10.43,-14.82,20.82,46.63,0.10,0.14,0.01,-1.08,4.08,-117.90,
35502.00,23.98,100635.30,-0.75,-0.27,10.36,-15.00,20.00,46.22,0.10,0.13,0.01,-1.52,4.12,-118.84,
35627.00,23.98,100634.63,-0.71,-0.27,10.47,-14.73,20.82,46.63,0.10,0.14,0.01,-1.50,3.86,-117.76,
35749.00,23.98,100634.47,-0.71,-0.27,10.43,-15.09,20.00,46.33,0.09,0.13,0.01,-1.51,3.87,-119.43,
35871.00,23.99,100637.63,-0.71,-0.27,10.36,-14.64,20.82,46.33,0.10,0.14,0.01,-1.52,3.90,-117.54,
35993.00,23.97,100633.91,-0.71,-0.24,10.43,-14.91,20.36,46.63,0.11,0.15,0.01,-1.29,3.87,-118.78,
36115.00,23.98,100635.63,-0.67,-0.20,10.43,-14.73,20.36,45.82,0.10,0.13,0.01,-1.08,3.66,-119.08,
36240.00,23.98,100633.26,-0.71,-0.20,10.59,-14.91,20.64,46.84,0.10,0.13,0.01,-1.06,3.81,-118.73,
36362.00,23.98,100634.13,-0.71,-0.31,10.40,-14.82,20.36,46.22,0.10,0.13,0.00,-1.73,3.88,-118.27,
36484.00,23.98,100632.92,-0.71,-0.24,10.43,-14.82,20.45,46.43,0.10,0.13,0.00,-1.29,3.87,-118.52,
36606.00,23.98,100631.31,-0.75,-0.16,10.36,-14.64,20.64,46.43,0.10,0.14,0.01,-0.87,4.12,-117.88,
36728.00,23.98,100636.13,-0.78,-0.24,10.40,-14.91,20.00,45.92,0.09,0.13,0.00,-1.30,4.31,-118.56,
36853.00,23.98,100630.98,-0.71,-0.24,10.43,-14.55,21.00,46.53,0.10,0.13,0.00,-1.29,3.87,-117.35,
36975.00,23.98,100635.95,-0.67,-0.16,10.47,-15.18,20.00,46.33,0.10,0.14,0.01,-0.86,3.64,-120.58,
37097.00,23.99,100634.98,-0.67,-0.24,10.43,-14.73,21.00,46.53,0.10,0.14,0.01,-1.29,3.66,-118.08,
37219.00,23.98,100632.31,-0.71,-0.20,10.43,-14.73,20.36,46.53,0.09,0.13,0.01,-1.08,3.87,-118.60,
37341.00,23.98,100636.28,-0.63,-0.24,10.55,-14.73,20.27,46.22,0.10,0.14,0.01,-1.28,3.40,-119.37,
37463.00,23.98,100633.97,-0.71,-0.20,10.43,-14.73,20.55,46.63,0.10,0.14,0.01,-1.08,3.87,-118.38,
37588.00,23.98,100631.94,-0.67,-0.20,10.47,-14.91,20.27,46.22,0.10,0.14,0.01,-1.07,3.64,-119.52,
37710.00,23.99,100635.64,-0.75,-0.20,10.40,-14.82,20.36,46.53,0.10,0.13,0.01,-1.08,4.10,-118.40,
37832.00,23.98,100635.30,-0.67,-0.16,10.43,-14.73,20.36,46.63,0.10,0.14,0.01,-0.86,3.66,-119.14,
37954.00,23.98,100634.80,-0.71,-0.24,10.43,-14.55,20.18,46.02,0.10,0.14,0.01,-1.29,3.87,-118.33,
38088.00,23.98,100633.14,-0.67,-0.20,10.40,-14.64,20.82,46.63,0.10,0.14,0.01,-1.08,3.67,-118.23,
38213.00,23.98,100633.97,-0.75,-0.16,10.47,-14.82,20.09,46.02,0.10,0.14,0.00,-0.86,4.07,-119.04,
38335.00,23.98,100634.63,-0.71,-0.24,10.40,-14.55,20.82,46.53,0.10,0.13,0.01,-1.30,3.88,-117.52,
38457.00,23.99,100635.14,-0.67,-0.24,10.43,-14.45,20.18,46.53,0.10,0.14,0.01,-1.29,3.66,-118.42,
38579.00,23.98,100633.42,-0.67,-0.24,10.40,-14.91,20.36,46.12,0.10,0.14,0.00,-1.30,3.67,-119.19,
38701.00,23.99,100636.97,-0.75,-0.24,10.47,-14.91,20.55,46.73,0.09,0.13,0.00,-1.29,4.07,-118.22,
38826.00,23.98,100632.15,-0.63,-0.24,10.36,-14.64,20.18,46.02,0.10,0.14,0.01,-1.30,3.47,-119.19,
38948.00,23.99,100633.81,-0.67,-0.16,10.43,-14.73,20.73,46.84,0.09,0.13,0.00,-0.86,3.66,-118.70,
39070.00,23.98,100634.47,-0.67,-0.20,10.36,-14.82,20.18,46.02,0.10,0.14,0.00,-1.09,3.68,-119.39,
39192.00,23.98,100636.78,-0.67,-0.24,10.51,-14.64,20.64,46.84,0.10,0.14,0.01,-1.28,3.63,-118.30,
39314.00,23.99,100636.47,-0.71,-0.24,10.36,-14.73,20.36,46.63,0.10,0.14,0.01,-1.30,3.90,-118.35,
39439.00,23.98,100633.97,-0.71,-0.20,10.43,-15.09,20.18,46.33,0.09,0.13,0.01,-1.08,3.87,-119.60,
39561.00,23.99,100634.81,-0.71,-0.20,10.47,-14.55,20.91,46.43,0.09,0.13,0.00,-1.07,3.86,-117.67,
39683.00,23.98,100631.66,-0.75,-0.20,10.40,-15.09,20.09,46.53,0.10,0.14,0.01,-1.08,4.10,-119.27,
39805.00,23.99,100634.48,-0.71,-0.24,10.47,-14.73,20.91,46.22,0.09,0.13,0.00,-1.29,3.86,-117.90,
39927.00,23.98,100632.81,-0.71,-0.16,10.47,-14.73,20.18,46.73,0.10,0.14,0.00,-0.86,3.86,-119.00,
40052.00,23.99,100632.98,-0.75,-0.20,10.43,-14.73,20.36,45.92,0.09,0.13,0.00,-1.08,4.08,-118.34,
40174.00,23.99,100634.98,-0.75,-0.24,10.43,-14.64,20.55,46.84,0.10,0.14,0.00,-1.29,4.08,-117.61,
40296.00,23.98,100634.30,-0.78,-0.24,10.36,-15.09,20.18,46.02,0.10,0.14,0.00,-1.30,4.33,-118.68,
40418.00,23.98,100633.97,-0.71,-0.24,10.43,-14.91,20.55,46.84,0.10,0.14,0.01,-1.29,3.87,-118.54,
40540.00,23.99,100631.66,-0.71,-0.20,10.40,-14.55,20.82,46.73,0.10,0.14,0.01,-1.08,3.89,-117.66,
40662.00,23.98,100631.94,-0.67,-0.27,10.40,-15.09,19.82,46.02,0.09,0.13,0.01,-1.51,3.67,-120.02,
40797.00,23.99,100633.66,-0.67,-0.20,10.43,-14.55,21.27,46.53,0.10,0.14,0.00,-1.08,3.66,-117.60,
41001.00,23.98,100632.31,-0.75,-0.20,10.47,-14.64,21.00,46.12,0.10,0.14,0.01,-1.07,4.07,-117.45,
41204.00,23.99,100635.47,-0.67,-0.20,10.47,-15.00,19.82,46.22,0.10,0.14,0.01,-1.07,3.64,-120.24,
41389.00,23.98,100633.97,-0.67,-0.24,10.43,-14.82,21.09,46.73,0.10,0.14,0.00,-1.29,3.66,-118.14,
41511.00,23.98,100633.97,-0.75,-0.24,10.28,-14.73,19.64,46.33,0.10,0.14,0.00,-1.31,4.15,-118.79,
41644.00,23.98,100633.97,-0.75,-0.16,10.43,-14.73,21.09,46.33,0.10,0.13,0.00,-0.86,4.09,-117.65,
41768.00,23.98,100635.46,-0.75,-0.20,10.51,-15.00,20.27,46.84,0.10,0.13,0.01,-1.07,4.05,-118.91,
41892.00,23.98,100629.50,-0.75,-0.20,10.36,-14.82,20.45,46.12,0.10,0.14,0.01,-1.09,4.12,-118.33,
42016.00,23.98,100632.81,-0.75,-0.20,10.47,-14.91,20.91,46.63,0.09,0.13,0.01,-1.07,4.07,-118.02,
42140.00,23.98,100635.46,-0.67,-0.16,10.43,-14.64,20.09,46.22,0.10,0.14,0.01,-0.86,3.66,-119.33,
42267.00,23.98,100634.96,-0.71,-0.27,10.36,-14.82,21.00,46.73,0.09,0.13,0.00,-1.52,3.90,-117.65,
42391.00,23.98,100633.64,-0.78,-0.20,10.43,-15.09,19.55,46.12,0.10,0.14,0.01,-1.08,4.30,-119.65,
42515.00,23.98,100633.59,-0.71,-0.27,10.43,-14.45,21.09,46.63,0.10,0.14,0.01,-1.51,3.87,-116.89,
42639.00,23.99,100636.81,-0.71,-0.20,10.43,-15.09,19.91,46.63,0.10,0.14,0.01,-1.08,3.87,-119.87,
42763.00,23.99,100636.81,-0.71,-0.24,10.36,-14.55,20.82,46.33,0.10,0.14,0.00,-1.30,3.90,-117.52,
42890.00,23.99,100636.14,-0.71,-0.20,10.47,-14.55,20.09,46.53,0.10,0.13,0.00,-1.07,3.86,-118.56,
43014.00,23.99,100634.81,-0.71,-0.16,10.43,-14.82,19.82,46.02,0.10,0.14,0.00,-0.86,3.87,-119.70,
43138.00,23.99,100637.48,-0.75,-0.31,10.43,-14.45,21.18,46.43,0.09,0.13,0.00,-1.72,4.08,-116.31,
43262.00,23.99,100636.14,-0.71,-0.20,10.43,-15.18,19.91,46.63,0.10,0.14,0.00,-1.08,3.87,-120.06,
43386.00,23.99,100635.47,-0.75,-0.20,10.43,-14.82,20.73,46.33,0.09,0.13,0.01,-1.08,4.08,-118.06,
43510.00,23.99,100636.48,-0.75,-0.24,10.43,-14.91,20.36,46.63,0.10,0.14,0.01,-1.29,4.08,-118.41,
43637.00,23.99,100635.33,-0.71,-0.16,10.40,-14.91,20.18,46.02,0.09,0.13,0.00,-0.86,3.89,-119.43,
43761.00,23.99,100634.81,-0.67,-0.16,10.40,-14.36,20.82,46.73,0.10,0.14,0.00,-0.86,3.67,-117.83,
43885.00,23.98,100633.80,-0.71,-0.20,10.43,-14.73,20.00,46.22,0.10,0.14,0.00,-1.08,3.87,-119.07,
44009.00,23.99,100633.81,-0.71,-0.24,10.40,-14.45,21.00,46.84,0.10,0.14,0.00,-1.30,3.88,-117.09,
44133.00,24.00,100634.84,-0.82,-0.27,10.43,-14.73,19.55,46.33,0.10,0.14,0.01,-1.51,4.51,-118.09,
44260.00,23.99,100632.67,-0.75,-0.27,10.43,-14.55,20.91,46.33,0.09,0.13,0.00,-1.51,4.08,-116.96,
44384.00,23.99,100636.14,-0.71,-0.20,10.43,-14.64,21.09,46.73,0.10,0.14,0.00,-1.08,3.87,-117.58,
44508.00,23.99,100636.63,-0.67,-0.24,10.36,-14.91,19.82,46.02,0.09,0.13,0.00,-1.30,3.68,-119.81,
44632.00,23.99,100633.83,-0.71,-0.24,10.51,-14.55,21.09,46.94,0.10,0.14,0.01,-1.28,3.84,-117.25,
44756.00,23.99,100632.50,-0.67,-0.24,10.51,-15.00,19.91,46.22,0.10,0.13,0.00,-1.28,3.63,-119.97,
44883.00,23.98,100631.98,-0.63,-0.27,10.47,-14.45,21.18,46.53,0.10,0.13,0.01,-1.50,3.43,-117.55,
45007.00,23.99,100632.67,-0.75,-0.20,10.43,-15.09,19.82,46.33,0.10,0.14,0.01,-1.08,4.08,-119.66,
45131.00,23.99,100635.31,-0.75,-0.24,10.59,-14.82,20.82,46.12,0.10,0.14,0.00,-1.27,4.02,-117.93,
45255.00,24.00,100635.34,-0.63,-0.27,10.40,-15.00,20.18,46.43,0.10,0.14,0.01,-1.51,3.45,-119.70,
45379.00,23.99,100634.49,-0.71,-0.12,10.47,-14.64,20.27,46.02,0.10,0.13,0.01,-0.64,3.86,-119.00,
45518.00,23.99,100635.64,-0.71,-0.20,10.40,-14.82,20.64,46.84,0.11,0.15,0.01,-1.08,3.89,-118.41,
45642.00,24.00,100636.99,-0.71,-0.20,10.43,-14.91,20.00,45.82,0.10,0.14,0.01,-1.08,3.87,-119.52,
45766.00,24.00,100639.48,-0.78,-0.27,10.40,-14.82,21.00,46.73,0.10,0.14,0.01,-1.51,4.31,-116.96,
45890.00,23.99,100637.97,-0.71,-0.27,10.40,-15.00,19.82,45.92,0.10,0.14,0.00,-1.51,3.88,-119.49,
46014.00,24.00,100637.20,-0.71,-0.24,10.40,-14.55,20.09,46.22,0.10,0.13,0.01,-1.30,3.88,-118.37,
46138.00,24.00,100638.37,-0.67,-0.27,10.43,-14.64,20.91,46.53,0.09,0.13,0.00,-1.51,3.66,-117.82,
46265.00,24.00,100635.83,-0.71,-0.20,10.40,-15.09,20.00,46.12,0.10,0.13,0.01,-1.08,3.89,-119.81,
46389.00,23.99,100632.84,-0.59,-0.20,10.47,-14.55,21.09,46.73,0.10,0.14,0.01,-1.07,3.21,-118.50,
46513.00,24.00,100636.55,-0.71,-0.16,10.36,-14.82,19.82,45.82,0.10,0.14,0.01,-0.87,3.90,-119.68,
46637.00,23.99,100633.34,-0.82,-0.20,10.43,-14.55,21.00,46.63,0.09,0.13,0.01,-1.08,4.51,-116.41,
46761.00,24.00,100637.33,-0.63,-0.39,11.45,-14.91,19.82,46.12,0.08,0.12,0.01,-1.96,3.13,-120.11,
46888.00,24.00,100634.34,-0.63,-0.12,10.47,-14.55,21.00,46.84,0.10,0.11,-0.00,-0.64,3.43,-118.59,
47012.00,24.00,100634.06,-0.71,0.00,10.28,-15.09,19.91,46.43,0.10,0.13,0.00,0.00,3.93,-120.81,
47136.00,24.00,100637.70,-0.55,-0.16,10.51,-14.73,20.91,46.53,0.10,0.13,0.01,-0.86,2.99,-119.65,
47260.00,24.00,100635.34,-0.71,-0.12,10.47,-14.73,19.91,46.63,0.10,0.13,0.01,-0.64,3.86,-119.53,
47384.00,24.00,100635.50,-0.67,-0.24,10.36,-15.18,20.45,46.22,0.09,0.13,0.00,-1.30,3.68,-119.60,
47511.00,23.99,100636.15,-0.75,-0.20,10.47,-14.73,20.27,46.63,0.10,0.14,0.01,-1.07,4.07,-118.35,
47635.00,23.99,100634.16,-0.71,-0.24,10.43,-14.55,20.27,46.33,0.10,0.13,0.00,-1.29,3.87,-118.18,
47759.00,23.99,100634.00,-0.67,-0.27,10.40,-14.82,20.45,46.94,0.10,0.14,0.01,-1.51,3.67,-118.59,
47883.00,23.99,100636.31,-0.78,-0.24,10.51,-15.00,20.36,46.33,0.10,0.13,0.01,-1.28,4.27,-118.35,
48007.00,23.99,100634.48,-0.71,-0.20,10.40,-14.91,20.55,46.53,0.09,0.13,0.00,-1.08,3.89,-118.75,
48134.00,23.99,100633.17,-0.67,-0.20,10.40,-14.64,20.64,46.22,0.09,0.13,0.00,-1.08,3.67,-118.49,
48258.00,23.99,100632.16,-0.67,-0.16,10.47,-14.64,20.73,46.53,0.09,0.13,0.00,-0.86,3.64,-118.58,
48382.00,24.00,100636.38,-0.75,-0.24,10.43,-14.82,20.55,46.02,0.10,0.15,0.01,-1.29,4.08,-118.13,
48506.00,24.00,100635.67,-0.75,-0.20,10.47,-14.64,20.18,46.22,0.10,0.14,0.01,-1.07,4.07,-118.33,
48630.00,24.00,100636.38,-0.71,-0.27,10.47,-14.82,20.82,46.94,0.10,0.14,0.00,-1.50,3.86,-117.89,
48757.00,24.00,100638.37,-0.71,-0.24,10.40,0.00,0.00,0.00,0.10,0.14,0.01,-1.30,3.88,0.00,
48880.00,24.00,100636.99,-0.71,-0.24,10.40,-14.73,21.27,46.63,0.10,0.14,0.00,-1.30,3.88,-117.39,
49004.00,24.00,100636.16,-0.67,-0.24,10.43,-14.82,19.91,46.22,0.10,0.13,0.00,-1.29,3.66,-119.54,
49128.00,24.00,100637.70,-0.71,-0.16,10.47,-14.45,20.82,46.53,0.10,0.14,0.00,-0.86,3.86,-117.74,
49252.00,23.99,100636.48,-0.71,-0.20,10.47,-15.09,19.64,46.53,0.10,0.14,0.00,-1.07,3.86,-120.24,
49376.00,24.00,100639.52,-0.82,-0.35,10.40,-14.73,21.09,46.33,0.10,0.14,0.01,-1.95,4.53,-116.07,
49503.00,24.00,100637.20,-0.75,-0.27,10.43,-15.09,19.91,46.43,0.10,0.14,0.00,-1.51,4.08,-119.16,
49627.00,24.00,100636.66,-0.75,-0.24,10.40,-14.82,21.09,46.43,0.10,0.13,0.00,-1.30,4.10,-117.44,
49751.00,24.00,100637.83,-0.75,-0.16,10.40,-14.73,20.00,46.73,0.10,0.14,0.00,-0.86,4.10,-118.77,
49875.00,24.00,100635.83,-0.67,-0.27,10.43,-14.45,20.64,46.22,0.10,0.14,0.01,-1.51,3.66,-117.79,
49999.00,23.99,100632.34,-0.63,-0.27,10.47,-14.82,20.00,46.33,0.10,0.14,0.00,-1.50,3.43,-119.61,
50126.00,24.00,100634.01,-0.63,-0.27,10.36,-14.45,20.82,46.33,0.09,0.13,0.01,-1.52,3.47,-117.88,
50250.00,24.00,100633.68,-0.71,-0.27,10.43,-14.55,21.00,46.63,0.10,0.14,0.00,-1.51,3.87,-117.17,
50374.00,23.99,100632.67,-0.71,-0.27,10.43,-14.82,19.91,46.12,0.09,0.13,0.01,-1.51,3.87,-119.01,
50498.00,23.99,100633.34,-0.75,-0.20,10.47,-14.55,20.82,46.63,0.10,0.14,0.00,-1.07,4.07,-117.37,
50622.00,24.00,100634.67,-0.71,-0.24,10.32,-14.82,20.00,46.43,0.10,0.14,0.00,-1.31,3.91,-118.95,
50749.00,24.00,100635.00,-0.71,-0.20,10.47,-14.55,21.00,46.63,0.10,0.13,0.01,-1.07,3.86,-117.54,
50873.00,24.00,100634.89,-0.67,-0.24,10.43,-15.09,20.00,46.33,0.10,0.14,0.00,-1.29,3.66,-119.98,
50997.00,24.00,100636.05,-0.78,-0.31,10.43,-14.64,20.91,46.63,0.10,0.14,0.01,-1.72,4.30,-116.56,
51121.00,24.00,100631.53,-0.67,-0.24,10.43,-14.73,20.00,46.33,0.10,0.14,0.01,-1.29,3.66,-119.23,
51245.00,23.99,100629.86,-0.75,-0.24,10.40,-14.91,20.82,46.33,0.10,0.14,0.00,-1.30,4.10,-117.94,
51372.00,23.99,100631.02,-0.71,-0.20,10.47,-15.00,20.00,46.53,0.10,0.14,0.01,-1.07,3.86,-119.62,
51496.00,24.00,100636.88,-0.75,-0.20,10.47,-14.91,20.55,45.71,0.10,0.13,0.01,-1.07,4.07,-118.58,
51620.00,24.00,100633.68,-0.67,-0.12,10.47,-14.91,20.64,46.53,0.10,0.14,0.01,-0.64,3.64,-119.43,
51744.00,24.00,100635.67,-0.59,-0.20,10.55,-14.82,20.36,46.02,0.10,0.14,0.01,-1.06,3.19,-120.01,
51868.00,23.99,100633.50,-0.71,-0.20,10.51,-14.45,20.55,46.33,0.10,0.14,0.01,-1.07,3.84,-117.92,
51992.00,24.00,100637.04,-0.71,-0.20,10.43,-14.64,20.27,45.92,0.10,0.14,0.00,-1.08,3.87,-118.62,
52119.00,23.99,100634.49,-0.67,-0.27,10.40,-15.00,20.55,46.84,0.09,0.13,0.00,-1.51,3.67,-118.87,
52243.00,23.99,100633.67,-0.78,-0.27,10.43,-15.09,20.55,46.12,0.09,0.14,0.00,-1.51,4.30,-118.14,
52367.00,23.99,100634.83,-0.71,-0.24,10.47,-14.82,20.55,46.43,0.10,0.14,0.00,-1.29,3.86,-118.45,
52491.00,24.00,100633.84,-0.63,-0.24,10.43,-14.82,20.00,46.33,0.10,0.14,0.01,-1.29,3.44,-119.78,
52615.00,23.99,100632.84,-0.75,-0.24,10.51,-14.82,20.27,46.43,0.10,0.14,0.01,-1.28,4.05,-118.42,
52754.00,23.99,100633.17,-0.71,-0.24,10.51,-14.64,20.36,46.22,0.10,0.14,0.01,-1.28,3.84,-118.34,
52878.00,23.99,100632.01,-0.75,-0.24,10.40,-15.09,20.36,46.73,0.10,0.15,0.01,-1.30,4.10,-118.74,
53002.00,24.00,100634.72,-0.71,-0.24,10.43,-15.00,20.09,46.22,0.09,0.13,0.01,-1.29,3.87,-119.34,
53126.00,24.00,100634.22,-0.75,-0.24,10.36,-15.00,20.73,46.63,0.10,0.14,0.01,-1.30,4.12,-118.14,
53250.00,24.00,100634.34,-0.71,-0.24,10.40,-14.73,21.00,46.84,0.09,0.14,0.01,-1.30,3.88,-117.65,
53377.00,23.99,100633.67,-0.71,-0.16,10.47,-15.00,20.09,46.02,0.10,0.14,0.01,-0.86,3.86,-119.78,
53501.00,24.00,100633.02,-0.67,-0.16,10.47,-14.82,20.91,46.63,0.10,0.14,0.00,-0.86,3.64,-118.73,
53625.00,24.00,100634.06,-0.71,-0.24,10.40,-15.09,19.91,45.92,0.10,0.14,0.01,-1.30,3.88,-119.76,
53749.00,23.99,100631.34,-0.67,-0.20,10.47,-14.73,21.18,47.24,0.10,0.14,0.01,-1.07,3.64,-117.98,
53873.00,23.99,100632.34,-0.75,-0.27,10.47,-14.82,19.82,46.02,0.10,0.14,0.01,-1.50,4.07,-118.80,
54000.00,24.00,100635.83,-0.63,-0.24,10.32,-14.73,20.91,46.84,0.09,0.13,0.01,-1.31,3.48,-118.41,
54124.00,24.00,100635.55,-0.67,-0.16,10.40,-15.00,20.00,45.82,0.10,0.13,0.01,-0.86,3.67,-120.23,
54248.00,24.00,100633.52,-0.67,-0.24,10.47,-14.73,21.09,46.73,0.11,0.15,0.01,-1.29,3.64,-117.98,
54372.00,23.99,100632.84,-0.71,-0.24,10.43,-15.09,19.64,46.22,0.10,0.14,0.01,-1.29,3.87,-120.06,
54496.00,24.00,100633.56,-0.75,-0.24,10.43,-14.73,21.18,46.43,0.10,0.14,0.00,-1.29,4.08,-117.19,
54620.00,23.99,100632.34,-0.71,-0.27,10.43,-14.45,20.55,46.53,0.09,0.13,0.01,-1.51,3.87,-117.48,
54747.00,24.00,100633.34,-0.71,-0.16,10.43,-14.73,20.18,46.02,0.10,0.14,0.01,-0.86,3.87,-119.08,
54871.00,23.99,100633.17,-0.67,-0.24,10.51,-14.73,20.73,46.73,0.09,0.13,0.00,-1.28,3.63,-118.40,
54995.00,23.99,100634.16,-0.67,-0.20,10.43,-14.73,20.27,46.12,0.10,0.14,0.00,-1.08,3.66,-119.13,
55119.00,23.99,100631.02,-0.67,-0.24,10.40,-14.73,20.64,46.73,0.10,0.14,0.00,-1.30,3.67,-118.42,
55243.00,23.99,100631.66,-0.75,-0.16,10.47,-14.91,19.82,46.12,0.09,0.13,0.00,-0.86,4.07,-119.54,
55370.00,24.00,100635.22,-0.71,-0.24,10.36,-14.73,20.73,46.84,0.10,0.14,0.01,-1.30,3.90,-117.91,
55494.00,24.00,100632.19,-0.78,-0.20,10.47,-14.73,19.82,46.12,0.10,0.13,0.00,-1.07,4.28,-118.59,
55618.00,23.99,100632.50,-0.67,-0.20,10.51,-14.73,20.91,46.73,0.10,0.15,0.01,-1.07,3.63,-118.38,
55742.00,23.99,100633.17,-0.71,-0.16,10.43,-14.64,19.82,46.02,0.10,0.14,0.01,-0.86,3.87,-119.32,
55866.00,24.00,100633.89,-0.63,-0.24,10.36,-14.73,21.18,46.53,0.10,0.14,0.00,-1.30,3.47,-118.19,
55993.00,23.99,100631.68,-0.75,-0.16,10.47,-14.91,19.91,46.02,0.10,0.13,0.00,-0.86,4.07,-119.45,
56117.00,23.99,100631.52,-0.71,-0.20,10.43,-14.91,20.82,46.12,0.10,0.14,0.00,-1.08,3.87,-118.53,
56241.00,24.00,100633.56,-0.75,-0.16,10.47,-14.73,20.18,46.43,0.10,0.14,0.00,-0.86,4.07,-118.67,
56365.00,24.01,100635.08,-0.75,-0.16,10.40,-14.82,20.64,46.02,0.10,0.13,0.00,-0.86,4.10,-118.36,
56489.00,24.00,100631.20,-0.67,-0.27,10.43,-15.09,20.27,46.53,0.10,0.14,0.01,-1.51,3.66,-119.44,
56616.00,24.00,100631.36,-0.71,-0.24,10.36,-14.73,20.55,46.22,0.10,0.14,0.01,-1.30,3.90,-118.21,
56740.00,24.00,100633.73,-0.71,-0.20,10.40,-14.64,20.27,46.94,0.10,0.14,0.01,-1.08,3.89,-118.42,
56864.00,24.00,100635.05,-0.75,-0.24,10.43,-14.73,20.55,46.12,0.10,0.14,0.00,-1.29,4.08,-117.93,
56988.00,24.00,100634.22,-0.71,-0.24,10.51,-15.00,20.64,46.84,0.10,0.14,0.01,-1.28,3.84,-118.68,
57112.00,23.99,100632.01,-0.71,-0.20,10.40,-14.91,20.27,46.02,0.10,0.14,0.01,-1.08,3.89,-119.14,
57239.00,24.00,100631.86,-0.67,-0.20,10.51,-14.73,20.64,46.73,0.10,0.14,0.01,-1.07,3.63,-118.68,
57363.00,24.00,100631.36,-0.71,-0.24,10.40,-14.73,20.18,46.12,0.10,0.14,0.00,-1.30,3.88,-118.66,
57487.00,24.00,100632.19,-0.67,-0.27,10.47,-14.73,20.64,46.02,0.09,0.13,0.01,-1.50,3.64,-118.41,
57611.00,23.99,100628.86,-0.75,-0.16,10.43,-14.82,20.18,46.84,0.10,0.14,0.01,-0.86,4.09,-118.77,
57735.00,24.00,100633.73,-0.75,-0.24,10.47,-14.73,20.36,45.92,0.10,0.14,0.00,-1.29,4.07,-118.19,
57859.00,24.00,100633.89,-0.75,-0.24,10.40,-15.00,20.55,46.53,0.10,0.14,0.01,-1.30,4.10,-118.39,
57986.00,24.01,100633.41,-0.67,-0.20,10.36,-14.82,20.09,46.12,0.09,0.13,0.01,-1.09,3.68,-119.48,
58110.00,23.99,100630.52,-0.71,-0.16,10.40,-14.73,21.09,46.63,0.10,0.14,0.00,-0.86,3.89,-117.94,
58234.00,24.00,100628.88,-0.75,-0.20,10.47,-15.00,19.73,45.71,0.10,0.14,0.00,-1.07,4.07,-119.71,
58358.00,24.00,100630.86,-0.67,-0.20,10.43,-14.73,21.00,46.73,0.10,0.14,0.01,-1.08,3.66,-118.23,
58482.00,24.00,100631.58,-0.71,-0.27,10.36,-15.09,19.55,46.02,0.10,0.14,0.01,-1.52,3.90,-119.95,
58609.00,24.01,100633.58,-0.71,-0.24,10.40,-14.64,21.36,46.94,0.10,0.14,0.00,-1.30,3.88,-117.07,
58733.00,24.00,100635.05,-0.75,-0.20,10.40,-15.09,19.91,46.12,0.10,0.14,0.00,-1.08,4.10,-119.56,
58857.00,24.00,100631.73,-0.71,-0.27,10.36,-14.91,20.18,46.22,0.09,0.13,0.01,-1.52,3.90,-118.81,
58981.00,24.01,100630.27,-0.63,-0.24,10.51,-14.91,20.55,46.63,0.10,0.14,0.01,-1.28,3.42,-119.34,
59105.00,24.01,100629.44,-0.75,-0.20,10.36,-14.82,19.82,46.12,0.10,0.13,0.00,-1.09,4.12,-119.06,
59232.00,24.00,100628.55,-0.71,-0.20,10.40,-14.55,20.73,46.84,0.10,0.14,0.01,-1.08,3.89,-117.74,
59356.00,24.00,100626.06,-0.71,-0.27,10.40,-14.91,20.00,45.92,0.09,0.13,0.01,-1.51,3.88,-119.10,
59480.00,24.00,100631.36,-0.71,-0.27,10.43,-14.73,21.00,46.63,0.10,0.14,0.00,-1.51,3.87,-117.54,
59604.00,24.00,100631.08,-0.71,-0.27,10.43,-14.91,19.73,46.33,0.10,0.14,0.00,-1.51,3.87,-119.37,
59728.00,24.00,100631.91,-0.71,-0.24,10.36,-14.64,21.00,46.53,0.10,0.14,0.01,-1.30,3.90,-117.48,
59855.00,24.00,100630.09,-0.75,-0.20,10.43,-15.00,20.09,46.22,0.10,0.15,0.01,-1.08,4.08,-119.17,
59991.00,24.01,100629.61,-0.71,-0.20,10.47,-14.64,20.73,46.43,0.10,0.14,0.01,-1.07,3.86,-118.05,
60115.00,24.00,100630.70,-0.75,-0.24,10.47,-14.91,20.00,46.43,0.10,0.15,0.01,-1.29,4.07,-118.89,
60239.00,24.00,100628.59,-0.75,-0.27,10.47,-14.73,20.73,46.12,0.10,0.13,0.00,-1.50,4.07,-117.59,
60363.00,24.00,100632.03,-0.75,-0.24,10.47,-15.00,20.18,46.53,0.10,0.14,0.00,-1.29,4.07,-118.85,
60487.00,24.00,100630.91,-0.75,-0.20,10.51,-14.82,20.36,46.12,0.09,0.13,0.00,-1.07,4.05,-118.55,
60614.00,24.00,100630.70,-0.75,-0.24,10.43,-14.91,20.45,46.73,0.10,0.14,0.01,-1.29,4.08,-118.30,
60738.00,24.01,100634.92,-0.75,-0.24,10.43,-14.91,20.27,45.92,0.09,0.13,0.00,-1.29,4.08,-118.64,
60862.00,24.00,100631.08,-0.67,-0.20,10.51,-14.91,20.64,46.43,0.09,0.13,0.01,-1.07,3.63,-119.10,
60986.00,24.01,100635.73,-0.71,-0.24,10.36,-14.73,20.00,46.02,0.10,0.14,0.01,-1.30,3.90,-118.86,
61110.00,24.01,100631.75,-0.67,-0.24,10.43,-14.73,20.55,46.43,0.09,0.13,0.00,-1.29,3.66,-118.59,
61237.00,23.99,100631.34,-0.67,-0.20,10.40,-14.91,20.55,46.22,0.09,0.13,0.00,-1.08,3.67,-119.15,
61361.00,24.00,100632.57,-0.75,-0.24,10.40,-15.09,20.18,46.22,0.10,0.13,0.00,-1.30,4.10,-119.03,
61485.00,24.01,100634.90,-0.71,-0.20,10.47,-14.64,20.55,46.33,0.10,0.14,0.01,-1.07,3.86,-118.27,
61609.00,24.00,100633.73,-0.67,-0.24,10.47,-15.00,19.91,46.22,0.10,0.14,0.01,-1.29,3.64,-119.94,
61733.00,24.01,100633.74,-0.75,-0.24,10.43,-14.64,20.82,46.84,0.10,0.14,0.00,-1.29,4.08,-117.32,
61869.00,24.00,100633.23,-0.71,-0.16,10.40,-14.73,19.91,46.12,0.10,0.14,0.00,-0.86,3.89,-119.36,
62074.00,24.01,100634.41,-0.71,-0.27,10.47,-14.91,19.82,46.43,0.10,0.14,0.01,-1.50,3.86,-119.28,
62280.00,24.01,100634.57,-0.75,-0.20,10.43,-14.64,21.00,46.63,0.09,0.13,0.00,-1.08,4.08,-117.33,
62447.00,24.01,100633.41,-0.75,-0.27,10.43,-14.91,20.64,46.12,0.09,0.13,0.01,-1.51,4.08,-118.02,
62571.00,24.01,100635.89,-0.71,-0.24,10.40,-14.64,20.82,46.33,0.10,0.13,0.00,-1.30,3.88,-117.74,
62698.00,24.01,100631.26,-0.71,-0.20,10.47,-14.91,20.18,46.53,0.10,0.13,0.00,-1.07,3.86,-119.22,
62822.00,24.00,100633.73,-0.67,-0.20,10.47,-14.82,20.36,46.02,0.10,0.14,0.01,-1.07,3.64,-119.26,
62946.00,24.00,100634.22,-0.75,-0.20,10.36,-14.73,20.09,46.73,0.10,0.14,0.00,-1.09,4.12,-118.45,
63070.00,24.00,100630.08,-0.75,-0.24,10.47,-14.73,20.18,45.92,0.09,0.13,0.01,-1.29,4.07,-118.39,
63194.00,24.00,100632.91,-0.71,-0.20,10.40,-14.64,21.00,46.94,0.10,0.13,0.01,-1.08,3.89,-117.62,
63321.00,24.00,100628.88,-0.75,-0.16,10.55,-15.09,19.82,46.02,0.09,0.13,0.00,-0.85,4.04,-119.99,
63445.00,24.00,100630.91,-0.75,-0.20,10.47,-14.55,20.91,47.14,0.10,0.15,0.01,-1.07,4.07,-117.19,
63569.00,24.00,100633.89,-0.75,-0.27,10.43,-14.82,19.55,46.22,0.10,0.14,0.01,-1.51,4.08,-119.05,
63693.00,24.00,100634.01,-0.75,-0.20,10.47,-14.82,20.91,46.63,0.10,0.13,0.00,-1.07,4.07,-117.84,
63817.00,24.00,100631.03,-0.63,-0.24,10.43,-14.91,19.91,46.22,0.10,0.13,0.00,-1.29,3.44,-120.09,
63941.00,24.01,100630.09,-0.67,-0.24,10.43,-14.73,20.09,45.71,0.09,0.13,0.00,-1.29,3.66,-119.22,
64068.00,24.00,100633.73,-0.75,-0.27,10.43,-14.73,20.91,46.73,0.10,0.14,0.00,-1.51,4.08,-117.26,
64192.00,24.01,100634.92,-0.75,-0.27,10.32,-15.00,20.09,46.12,0.10,0.13,0.00,-1.52,4.13,-118.72,
64316.00,24.01,100634.92,-0.67,-0.20,10.47,-14.55,21.18,46.73,0.10,0.14,0.01,-1.07,3.64,-117.69,
64440.00,24.00,100632.52,-0.71,-0.24,10.36,-14.82,20.36,46.53,0.10,0.14,0.00,-1.30,3.90,-118.55,
64564.00,24.00,100632.52,-0.67,-0.43,10.36,-14.55,20.64,46.33,0.09,0.13,0.01,-2.39,3.68,-117.22,
64691.00,24.00,100634.22,-0.75,-0.12,10.40,-14.91,20.36,46.63,0.09,0.13,0.00,-0.65,4.10,-118.94,
64815.00,24.01,100635.58,-0.63,-0.20,10.40,-14.91,20.36,46.12,0.11,0.14,0.01,-1.08,3.45,-119.73,
64939.00,24.01,100635.56,-0.82,-0.39,10.47,-14.64,20.82,46.73,0.10,0.14,0.05,-2.14,4.49,-115.99,
65063.00,24.01,100634.90,-0.82,-0.16,10.36,-14.82,20.18,46.02,0.09,0.14,0.06,-0.87,4.55,-118.10,
65187.00,24.00,100632.23,-1.10,-0.16,10.12,-14.18,21.27,46.63,0.09,0.14,0.00,-0.89,6.19,-112.49,
65314.00,24.01,100634.25,-0.75,-0.31,10.47,-14.45,20.45,46.33,0.09,0.14,0.00,-1.72,4.07,-117.11,
65438.00,24.01,100631.75,-0.67,-0.27,10.47,-14.36,20.64,46.33,0.10,0.14,-0.01,-1.50,3.64,-117.62,
65562.00,24.01,100629.95,-0.71,-0.31,10.40,-14.73,20.73,46.43,0.10,0.14,-0.01,-1.73,3.88,-117.66,
65686.00,24.00,100630.94,-0.78,-0.16,10.51,-14.82,20.09,45.82,0.10,0.14,-0.00,-0.86,4.27,-118.74,
65810.00,24.00,100634.72,-0.71,-0.16,10.43,-14.09,21.09,46.53,0.10,0.14,0.01,-0.86,3.87,-116.66,
65937.00,24.00,100632.23,-0.75,-0.27,10.47,-14.64,19.91,46.02,0.10,0.14,0.01,-1.50,4.07,-118.31,
66061.00,24.00,100632.07,-0.75,-0.24,10.40,-14.27,20.91,46.53,0.09,0.13,0.01,-1.30,4.10,-116.49,
66185.00,23.99,100628.03,-0.71,-0.27,10.40,-14.73,20.09,46.53,0.10,0.14,0.00,-1.51,3.88,-118.51,
66309.00,24.01,100632.44,-0.67,-0.20,10.40,-14.36,20.82,46.53,0.10,0.14,0.01,-1.08,3.67,-117.69,
66433.00,24.00,100629.09,-0.67,-0.24,10.47,-14.73,20.27,46.53,0.10,0.14,0.00,-1.29,3.64,-118.91,
66557.00,24.00,100628.27,-0.75,-0.20,10.43,-14.45,20.45,46.12,0.10,0.13,0.00,-1.08,4.08,-117.63,
66684.00,24.00,100631.24,-0.67,-0.20,10.47,-14.64,20.55,46.63,0.10,0.13,0.01,-1.07,3.64,-118.59,
66808.00,24.01,100632.25,-0.78,-0.16,10.43,-14.82,20.27,46.02,0.10,0.14,0.00,-0.86,4.30,-118.43,
66932.00,24.01,100632.77,-0.75,-0.24,10.32,-14.73,20.64,46.43,0.09,0.14,0.00,-1.31,4.13,-117.68,
67056.00,24.01,100633.92,-0.75,-0.16,10.36,-14.73,20.55,46.33,0.10,0.14,0.01,-0.87,4.12,-118.19,
67180.00,24.01,100632.93,-0.67,-0.24,10.40,-14.64,20.45,45.92,0.10,0.14,0.00,-1.30,3.67,-118.56,
67307.00,24.01,100632.93,-0.75,-0.31,10.51,-14.45,20.91,46.53,0.10,0.14,0.01,-1.71,4.05,-116.63,
67439.00,24.01,100632.44,-0.75,-0.20,10.43,-14.82,19.73,45.92,0.10,0.13,0.01,-1.08,4.08,-119.27,
67567.00,24.00,100631.41,-0.71,-0.20,10.43,-14.36,21.27,46.84,0.10,0.13,0.00,-1.08,3.87,-116.82,
67691.00,24.00,100631.91,-0.78,-0.16,10.51,-15.00,20.00,46.33,0.10,0.14,0.01,-0.86,4.27,-119.14,
67815.00,24.01,100632.09,-0.71,-0.20,10.51,-14.27,21.09,46.43,0.10,0.14,0.00,-1.07,3.84,-116.94,
67942.00,24.01,100632.27,-0.71,-0.20,10.47,-14.91,20.27,46.33,0.10,0.14,0.01,-1.07,3.86,-119.14,
68066.00,24.01,100632.44,-0.71,-0.20,10.40,-14.45,20.73,46.43,0.10,0.14,0.00,-1.08,3.89,-117.62,
68190.00,24.01,100632.58,-0.67,-0.20,10.40,-14.45,20.64,46.53,0.10,0.14,0.00,-1.08,3.67,-118.07,
68314.00,24.00,100629.59,-0.71,-0.20,10.43,-14.36,20.27,46.22,0.09,0.13,0.00,-1.08,3.87,-118.00,
68438.00,24.00,100631.20,-0.67,-0.24,10.40,-14.45,20.91,46.63,0.10,0.13,0.00,-1.30,3.67,-117.58,
68565.00,24.00,100629.59,-0.75,-0.24,10.43,-14.64,20.45,46.43,0.10,0.14,0.01,-1.29,4.08,-117.78,
68689.00,24.00,100631.73,-0.67,-0.27,10.43,-14.64,20.27,46.22,0.09,0.13,0.00,-1.51,3.66,-118.56,
68813.00,24.00,100631.58,-0.75,-0.24,10.40,-14.64,20.82,46.63,0.10,0.14,0.00,-1.30,4.10,-117.33,
68937.00,24.01,100638.39,-0.75,-0.20,10.43,-14.45,20.09,46.33,0.09,0.13,0.01,-1.08,4.08,-118.00,
69061.00,24.01,100636.91,-0.75,-0.20,10.47,-14.55,20.82,46.73,0.10,0.14,0.01,-1.07,4.07,-117.35,
69188.00,24.01,100635.08,-0.71,-0.24,10.47,-14.64,20.09,46.12,0.09,0.13,0.00,-1.29,3.86,-118.63,
69312.00,24.02,100636.95,-0.75,-0.20,10.47,-14.36,21.27,46.43,0.10,0.14,0.01,-1.07,4.07,-116.55,
69436.00,24.01,100632.25,-0.78,-0.27,10.47,-15.00,20.00,46.53,0.10,0.14,0.01,-1.50,4.28,-118.51,
69560.00,24.01,100633.74,-0.71,-0.16,10.40,-14.55,20.91,46.02,0.09,0.14,0.00,-0.86,3.89,-117.85,
69684.00,24.01,100637.23,-0.67,-0.24,10.43,-14.55,20.82,46.73,0.10,0.14,0.00,-1.29,3.66,-117.88,
69808.00,24.01,100637.55,-0.75,-0.24,10.40,-14.73,20.18,46.22,0.09,0.13,0.00,-1.30,4.10,-118.28,
69935.00,24.00,100633.39,-0.75,-0.20,10.36,-14.55,20.64,46.53,0.09,0.13,0.00,-1.09,4.12,-117.50,
70059.00,24.01,100636.06,-0.75,-0.27,10.51,-14.73,20.18,46.43,0.10,0.13,0.00,-1.50,4.05,-118.16,
70183.00,24.00,100632.41,-0.75,-0.24,10.40,-14.55,20.82,46.22,0.10,0.14,0.01,-1.30,4.10,-117.21,
70307.00,24.02,100631.83,-0.78,-0.16,10.43,-14.82,20.73,46.73,0.09,0.13,0.00,-0.86,4.30,-117.80,
70431.00,24.02,100636.63,-0.75,-0.24,10.43,-14.73,20.09,46.22,0.10,0.13,0.00,-1.29,4.08,-118.41,
70558.00,24.00,100634.09,-0.67,-0.20,10.36,-14.64,20.91,47.04,0.09,0.13,0.00,-1.09,3.68,-118.04,
70682.00,24.01,100635.91,-0.75,-0.24,10.40,-14.73,20.00,46.02,0.10,0.15,0.01,-1.30,4.10,-118.52,
70806.00,24.00,100633.23,-0.67,-0.16,10.40,-14.55,21.00,46.53,0.10,0.14,0.01,-0.86,3.67,-118.04,
70930.00,24.01,100635.40,-0.71,-0.16,10.43,-14.64,19.64,46.53,0.09,0.13,0.00,-0.86,3.87,-119.45,
71054.00,24.01,100634.59,-0.67,-0.20,10.36,-14.55,21.27,46.22,0.10,0.14,0.01,-1.09,3.68,-117.59,
71181.00,24.01,100636.23,-0.78,-0.16,10.40,-14.82,20.73,46.94,0.10,0.13,0.00,-0.86,4.32,-117.73,
71305.00,24.01,100634.92,-0.78,-0.16,10.40,-14.55,20.36,46.12,0.10,0.14,0.00,-0.86,4.32,-117.70,
71429.00,24.01,100634.75,-0.71,-0.24,10.43,-14.64,20.45,46.43,0.09,0.14,0.00,-1.29,3.87,-118.15,
71553.00,24.00,100632.07,-0.67,-0.24,10.40,-14.64,20.55,46.33,0.10,0.14,0.00,-1.30,3.67,-118.40,
71677.00,24.00,100630.91,-0.67,-0.27,10.40,-14.73,20.55,46.22,0.10,0.13,0.00,-1.51,3.67,-118.42,
71804.00,24.01,100630.61,-0.67,-0.24,10.40,-14.36,20.55,46.94,0.10,0.13,0.01,-1.30,3.67,-117.74,
71928.00,24.01,100632.42,-0.67,-0.20,10.43,-14.55,20.36,46.12,0.10,0.14,0.01,-1.08,3.66,-118.65,
72052.00,24.01,100636.08,-0.67,-0.20,10.43,-14.55,21.00,46.94,0.10,0.12,0.00,-1.08,3.66,-117.83,
72176.00,24.01,100635.56,-0.71,-0.24,10.47,-14.73,20.00,46.22,0.10,0.15,0.01,-1.29,3.86,-118.91,
72300.00,24.01,100635.25,-0.67,-0.24,10.43,-14.45,20.55,46.73,0.09,0.13,0.00,-1.29,3.66,-117.99,
72424.00,24.01,100635.56,-0.67,-0.20,10.36,-14.82,20.18,46.63,0.10,0.14,0.01,-1.09,3.68,-119.29,
72551.00,24.02,100632.81,-0.71,-0.24,10.43,-14.73,20.82,46.33,0.09,0.12,0.00,-1.29,3.87,-117.95,
72675.00,24.02,100635.14,-0.63,-0.27,10.55,-14.55,20.73,46.53,0.12,0.13,0.01,-1.49,3.40,-118.26,
72799.00,24.02,100635.63,-0.90,-0.59,10.28,-14.36,20.18,46.43,-0.14,0.19,0.01,-3.28,5.01,-114.44,
72923.00,24.01,100633.74,-0.78,-0.51,10.28,-14.45,20.09,46.73,0.02,0.16,0.01,-2.84,4.36,-116.05,
73047.00,24.01,100634.90,-0.75,-0.16,10.47,-14.64,20.82,46.33,0.10,0.14,-0.04,-0.86,4.07,-117.79,
73174.00,24.01,100634.09,-0.75,-0.20,10.40,-14.91,20.00,46.43,0.14,0.13,-0.00,-1.08,4.10,-119.02,
73298.00,24.01,100635.08,-0.71,-0.24,10.36,-14.91,20.82,47.14,0.17,0.12,-0.01,-1.30,3.90,-118.13,
73422.00,24.01,100633.92,-0.78,-0.31,10.32,-14.82,19.82,46.63,0.03,0.15,-0.01,-1.74,4.35,-118.00,
73546.00,24.01,100633.59,-0.71,-0.39,10.43,-14.45,20.45,46.84,-0.02,0.17,0.02,-2.15,3.87,-117.01,
73670.00,24.01,100631.09,-0.78,-0.35,10.47,-14.82,19.91,47.04,0.10,0.14,0.03,-1.93,4.28,-117.78,
73797.00,24.02,100637.45,-0.78,-0.20,10.24,-14.55,19.82,46.53,0.11,0.13,0.02,-1.10,4.38,-117.93,
73921.00,24.02,100636.97,-0.71,-0.27,10.36,-14.45,20.00,46.94,0.08,0.13,0.03,-1.52,3.90,-117.95,
74045.00,24.01,100635.25,-0.86,-0.35,10.24,-14.64,20.18,46.73,0.13,0.13,0.01,-1.97,4.82,-116.21,
74169.00,24.01,100634.73,-0.63,-0.55,10.51,-14.64,20.00,47.04,0.11,0.13,0.07,-2.99,3.41,-117.90,
74293.00,24.01,100634.73,-0.39,-0.39,10.40,-14.09,20.55,46.94,0.13,0.12,0.07,-2.16,2.16,-118.96,
74420.00,24.01,100633.91,-0.71,-0.04,10.32,-14.18,20.36,46.73,0.23,0.09,-0.07,-0.22,3.92,-118.09,
